gbifID,species,Latitude,Longitude,Elevation,MAT,MWMT,MCMT,TD,MAP,MSP,AHM,SHM,DD_0,DD5,DD_18,DD18,NFFD,bFFP,eFFP,FFP,PAS,EMT,EXT,MAR,Eref,CMD,RH,CMI,DD1040
811880141,Rubus lasiococcus,45.37361,-121.69444,3347,1.3,12.1,-5.4,17.4,3574,509,3.2,23.7,1026,655,6080,6,150,171,289,118,2368,-30.2,27.2,15,282,24,82,337.21,181
441828819,Rubus lasiococcus,47.07017,-121.06326,1802,6.2,15.9,-1.7,17.6,1890,260,8.6,61.1,354,1347,4338,42,195,161,287,126,499,-27.1,34.7,15.7,673,247,65,132.93,570
441828784,Rubus lasiococcus,47.980822,-120.737187,1500,7.4,18.2,-1.9,20.1,1643,171,10.6,106.4,334,1705,3970,103,208,149,287,138,411,-27.5,36.8,14.3,735,389,64,98.14,824
441828657,Rubus lasiococcus,47.27694,-121.3375,1198,8.2,18,-0.3,18.3,2357,339,7.7,53.1,228,1787,3678,101,245,136,297,161,326,-23.1,36.6,13.9,713,235,69,174.32,844
441828554,Rubus lasiococcus,48.06611,-121.50778,1067,9.2,18.7,1,17.7,4108,704,4.7,26.6,168,2016,3329,133,264,127,304,177,327,-21,36.3,14,735,101,69,345.82,971
441828302,Rubus lasiococcus,47.98167,-123.60139,174,11.9,19.6,5.3,14.3,1693,180,12.9,108.5,57,2638,2440,211,329,69,333,264,28,-12.1,38.2,11.5,776,373,71,98.74,1285
441828294,Rubus lasiococcus,47.744438,-121.090111,1524.5,6.8,16.9,-1.5,18.3,2311,327,7.3,51.6,315,1491,4122,60,215,149,290,140,494,-26,34.9,13.9,660,219,68,176.03,663
441828198,Rubus lasiococcus,46.85163,-121.76092,4380,-6.1,4.8,-13.4,18.2,3087,397,1.3,12.2,2645,108,8762,0,60,114,250,136,2868,-44.6,20.6,16.9,126,20,75,301.12,6
441828195,Rubus lasiococcus,48.105535,-120.737582,1220,8.1,19.5,-2,21.5,1407,129,12.8,150.7,324,1932,3770,166,224,134,292,158,341,-27.4,37.7,14.6,746,443,65,73.05,990
441828194,Rubus lasiococcus,47.99538,-123.46784,1896,5.1,14.3,-2.2,16.5,2471,252,6.1,56.6,420,1093,4700,19,189,164,291,127,846,-27.8,31.8,15.9,496,182,70,206.03,400
441828193,Rubus lasiococcus,47.71167,-121.15444,640,9.4,19.2,0.5,18.7,2179,350,8.9,54.9,174,2091,3295,160,263,128,301,173,191,-21.8,37.9,12.9,780,255,67,149.84,1035
441828187,Rubus lasiococcus,47.52205,-123.26061,1677,6.4,15.1,-0.3,15.3,2950,404,5.6,37.3,272,1275,4232,29,223,152,295,143,532,-23.5,32.6,16.2,583,119,73,249.96,495
441828110,Rubus lasiococcus,45.94957,-121.72064,979,9.8,19.6,1.5,18.1,1899,227,10.4,86.2,145,2177,3153,176,274,120,309,190,135,-20.1,38.4,14.8,792,344,69,120.2,1086
441828102,Rubus lasiococcus,47.366667,-121.551389,1128,9,17.9,1,16.9,2848,470,6.7,38.2,165,1931,3372,104,268,129,306,177,233,-20.3,36.1,11.7,726,159,70,221.76,898
441828097,Rubus lasiococcus,47.348833,-121.501433,1497,8.3,17.3,0.6,16.8,3080,518,5.9,33.4,191,1741,3609,78,259,134,304,170,314,-21.3,35.3,12.7,684,125,72,249.73,781
441828088,Rubus lasiococcus,47.32,-121.593056,1098,8.9,17.6,1.1,16.6,2790,458,6.8,38.5,166,1890,3410,93,268,130,307,177,231,-20.3,35.6,12.3,714,157,71,218.02,866
441828087,Rubus lasiococcus,47.32,-121.593056,1098,8.9,17.6,1.1,16.6,2790,458,6.8,38.5,166,1890,3410,93,268,130,307,177,231,-20.3,35.6,12.3,714,157,71,218.02,866
441828080,Rubus lasiococcus,47.29615,-121.534167,1113,8.8,17.8,0.9,17,2730,436,6.9,40.9,173,1894,3431,99,264,132,305,173,243,-20.7,36.3,13.2,727,180,70,210.32,877
441827949,Rubus lasiococcus,48.063294,-121.513675,991,9.4,18.9,1.1,17.8,4072,706,4.8,26.7,163,2065,3277,144,267,124,305,181,307,-20.8,36.4,14,740,102,69,341.8,1003
441827948,Rubus lasiococcus,46.19893,-122.18888,1875,5.8,15.6,-1,16.6,4462,611,3.5,25.5,350,1214,4464,30,216,149,289,140,1206,-23.7,32.7,13.8,553,77,75,404.51,485
441827946,Rubus lasiococcus,47.56,-123.42528,1220,8.6,16.8,2,14.8,3871,539,4.8,31.2,140,1738,3464,64,272,125,310,185,259,-19.6,34.3,11.3,634,100,74,334.8,742
441827945,Rubus lasiococcus,47.46722,-121.45472,1220,8.4,17.5,0.7,16.8,3340,595,5.5,29.4,185,1766,3582,85,263,130,304,174,322,-20.8,35.3,13.2,677,107,73,277.76,803
441827943,Rubus lasiococcus,47.93333,-123.40833,1524,6.8,15.5,-0.1,15.5,1903,201,8.8,77.1,252,1350,4127,36,229,146,297,151,336,-23.5,33,13.2,582,224,73,144.59,540
4022272624,Rubus lasiococcus,43.64247,-122.035773,1477,8.4,18,0.8,17.3,1748,284,10.5,63.6,197,1811,3597,103,221,156,287,131,194,-23.4,37.5,15.4,880,343,60,97.26,854
4022251381,Rubus lasiococcus,43.781739,-122.045997,1649,7.2,16.5,-0.1,16.6,1824,282,9.4,58.5,253,1499,3996,54,200,166,280,114,303,-25.3,36.2,16.1,805,303,61,114.62,647
4022200662,Rubus lasiococcus,46.869818,-121.519426,1628,6.4,16,-1.4,17.4,1992,245,8.2,65.3,322,1369,4257,43,203,159,289,130,480,-26.4,34.4,14.9,660,251,67,145.64,577
4022161491,Rubus lasiococcus,43.639137,-122.041573,1483,8.4,18.1,0.8,17.3,1753,280,10.5,64.5,197,1816,3592,104,221,156,287,131,195,-23.4,37.6,15.2,881,349,60,97.48,858
4022150426,Rubus lasiococcus,44.281418,-122.145722,1553,9.3,18.5,2.8,15.7,2368,396,8.2,46.7,128,1972,3260,115,249,146,299,153,140,-20.3,38.7,16,870,258,62,156.52,924
4022073414,Rubus lasiococcus,44.281247,-122.143172,1578,9.3,18.4,2.8,15.7,2378,399,8.1,46.2,130,1953,3281,112,247,147,299,152,144,-20.4,38.6,16.1,867,256,62,157.72,912
4022069463,Rubus lasiococcus,44.28145,-122.146097,1553,9.3,18.5,2.8,15.7,2368,397,8.2,46.7,128,1971,3260,115,248,146,299,153,140,-20.3,38.7,16,869,258,62,156.54,923
4022052490,Rubus lasiococcus,44.278205,-122.14027,1438,9.8,19,3.2,15.8,2334,383,8.5,49.7,114,2096,3118,140,258,141,302,161,114,-19.4,39.2,16,885,269,62,150.51,1004
4022032534,Rubus lasiococcus,44.228943,-121.876427,1450,8.3,17.5,0.8,16.7,2407,367,7.6,47.7,191,1748,3625,85,218,158,286,128,261,-24,37.5,15.6,866,273,60,164.56,799
4021997536,Rubus lasiococcus,44.20535,-122.130552,1497,10.2,19.4,3.6,15.8,2327,384,8.7,50.4,103,2192,3002,158,266,139,303,164,96,-18.1,39.8,14.1,909,278,62,145.18,1062
4021994502,Rubus lasiococcus,44.180133,-121.825722,1843,6.5,15.9,-0.8,16.8,2590,399,6.4,40,305,1368,4230,42,184,169,277,108,566,-27,35.5,15.7,783,222,60,193.6,573
4006710591,Rubus lasiococcus,47.386437,-121.388293,785,8.9,18.7,0.2,18.6,2506,375,7.5,50,197,1970,3450,136,251,135,298,163,274,-22.5,37.8,13.4,774,242,67,183.8,963
3994288516,Rubus lasiococcus,49.140558,-120.804793,1781,4.8,15.3,-3.9,19.2,1255,229,11.8,66.6,560,1174,4824,29,175,158,274,115,512,-31.5,33.9,14,548,235,66,77.75,468
3994271526,Rubus lasiococcus,49.140558,-120.804793,1781,4.8,15.3,-3.9,19.2,1255,229,11.8,66.6,560,1174,4824,29,175,158,274,115,512,-31.5,33.9,14,548,235,66,77.75,468
3994170579,Rubus lasiococcus,49.140558,-120.804793,1781,4.8,15.3,-3.9,19.2,1255,229,11.8,66.6,560,1174,4824,29,175,158,274,115,512,-31.5,33.9,14,548,235,66,77.75,468
3994110545,Rubus lasiococcus,49.137123,-120.796607,1646,5.3,15.9,-3.8,19.7,1175,218,13,72.6,524,1284,4654,37,181,155,274,119,439,-31.2,34.7,13.9,606,266,65,66.2,539
3994069544,Rubus lasiococcus,42.037317,-122.079475,1285,11,21.6,1.8,19.8,544,108,38.5,199.7,128,2555,2880,313,244,136,291,154,28,-23.4,41.7,16.7,1088,737,54,-54.97,1375
3986213957,Rubus lasiococcus,49.073942,-120.767955,1673,5.4,16,-3.7,19.7,1184,207,13,77.1,516,1312,4613,40,181,156,274,118,446,-31.1,34.9,13.9,633,291,65,64.81,560
3985738954,Rubus lasiococcus,49.074839,-120.768824,1702,5.3,15.8,-3.8,19.6,1197,209,12.8,75.7,521,1290,4646,38,180,157,274,117,459,-31.1,34.7,14,627,284,65,66.98,545
3985701733,Rubus lasiococcus,42.891606,-122.13095,1990,6.8,16.7,-0.8,17.4,1601,195,10.5,85.3,302,1474,4129,56,189,171,278,108,366,-27.2,36.5,16,810,392,60,91.15,648
3985689950,Rubus lasiococcus,49.074839,-120.768824,1702,5.3,15.8,-3.8,19.6,1197,209,12.8,75.7,521,1290,4646,38,180,157,274,117,459,-31.1,34.7,14,627,284,65,66.98,545
3968371016,Rubus lasiococcus,44.20879,-122.1316,1341,10.7,19.9,3.8,16,2264,361,9.1,55.1,93,2330,2868,193,275,132,306,174,79,-17.6,40.3,14.1,930,300,62,136.13,1155
3966569520,Rubus lasiococcus,43.551303,-122.35312,1680,9.3,19,1.9,17,1573,285,12.2,66.4,150,2010,3314,143,243,150,299,150,114,-21.2,38.1,17.1,878,334,62,76.63,980
3966374493,Rubus lasiococcus,44.210913,-121.833633,1725,6.9,16.4,-0.5,16.8,2570,389,6.6,42.1,278,1453,4093,49,190,166,278,111,492,-26.5,36,16.2,804,237,59,188.68,623
3966362541,Rubus lasiococcus,44.180107,-121.825812,1843,6.5,15.9,-0.8,16.8,2590,399,6.4,40,305,1368,4229,42,184,169,278,108,566,-27,35.5,15.7,783,222,60,193.65,573
3961398806,Rubus lasiococcus,46.705343,-121.939648,1200,9,18.4,1.3,17.2,2133,374,8.9,49.3,165,1940,3397,121,257,136,303,167,173,-21.1,37.1,13.9,760,214,68,146.55,929
3961260237,Rubus lasiococcus,48.537712,-120.63649,1389,6.2,17.2,-3.4,20.6,1416,221,11.4,77.9,458,1494,4355,68,196,150,283,133,470,-29.7,35.9,9.8,666,306,66,84.7,691
3947250344,Rubus lasiococcus,44.223729,-121.885817,1464,8.4,17.6,1.1,16.6,2390,364,7.7,48.4,183,1769,3585,88,222,156,288,132,242,-23.4,37.5,15.6,863,273,60,162.84,811
3947080949,Rubus lasiococcus,46.611265,-121.989926,1085,9.3,18.6,1.8,16.8,2115,359,9.1,51.8,146,1988,3302,127,268,131,307,177,144,-20.1,36.8,15.1,744,221,69,147.13,950
3925509552,Rubus lasiococcus,47.387108,-121.387703,771,8.9,18.8,0.2,18.6,2497,374,7.6,50.2,197,1976,3443,137,251,135,298,163,272,-22.5,37.9,13.4,776,243,67,182.63,968
3925399427,Rubus lasiococcus,46.786413,-121.74247,1643,6.4,15.7,-1.2,16.9,3165,434,5.2,36.3,314,1343,4262,38,207,157,291,134,723,-26,33.6,16.1,638,152,68,265.52,554
3924991152,Rubus lasiococcus,47.408627,-121.36858,800,8.8,18.6,0.2,18.5,2845,415,6.6,44.8,200,1940,3481,130,252,135,299,164,319,-22.2,37.6,13.3,763,223,68,219.03,943
3923671593,Rubus lasiococcus,46.829628,-121.644578,1614,6.2,15.8,-1.5,17.3,2337,305,6.9,51.9,337,1322,4331,38,202,159,289,130,595,-26.4,34.3,16.2,646,208,68,182.28,550
3923634553,Rubus lasiococcus,46.468688,-121.519172,1528,6.7,16.5,-1.4,17.8,1874,271,8.9,60.7,310,1450,4158,52,211,155,291,136,400,-25.9,34.9,16.3,671,241,68,132.85,631
3923627684,Rubus lasiococcus,47.987005,-123.459992,1385,7.2,15.8,0.2,15.7,2235,229,7.7,69.2,233,1445,3984,41,233,144,299,155,344,-23.3,33.6,14.4,620,212,71,174.66,586
3923563326,Rubus lasiococcus,49.074094,-120.77171,1624,5.6,16.2,-3.7,20,1159,203,13.4,79.7,507,1350,4560,44,183,155,274,119,426,-31,35.2,13.8,643,303,64,60.97,585
3923528583,Rubus lasiococcus,46.486697,-121.46768,1745,5.8,15.5,-2.2,17.8,2029,296,7.8,52.5,386,1259,4483,34,193,162,286,123,573,-27.7,33.8,17.1,622,212,67,152.74,517
3923523582,Rubus lasiococcus,46.786328,-121.745317,1621,6.5,15.8,-1.1,16.9,3161,434,5.2,36.5,308,1358,4236,39,209,156,291,135,703,-25.8,33.7,16.1,641,155,68,264.78,563
3923401547,Rubus lasiococcus,46.880212,-121.72691,2524,1.6,11.4,-5.9,17.3,2923,417,4,27.3,941,627,5983,4,133,184,276,92,1931,-33.5,28.9,14.7,397,92,70,263.22,150
3923363580,Rubus lasiococcus,46.48505,-121.477303,1653,6.2,15.9,-1.8,17.7,1989,291,8.1,54.6,351,1337,4345,40,200,159,288,128,497,-26.9,34.3,17.1,653,219,68,146.95,562
3923355663,Rubus lasiococcus,46.950285,-121.867754,1574,7,16.1,-0.5,16.6,2176,508,7.8,31.7,266,1446,4061,45,220,151,293,142,331,-24.8,34.3,14.5,660,112,69,164.19,606
3915551303,Rubus lasiococcus,46.908396,-121.661888,1951,5.4,14.9,-2.3,17.2,2048,292,7.5,50.9,406,1163,4602,26,189,163,287,124,654,-27.6,33.1,16.4,598,194,68,156.68,458
3915532400,Rubus lasiococcus,45.317375,-121.707947,1580,7.1,17.1,-0.2,17.3,2634,399,6.5,42.9,264,1526,4010,65,226,146,297,151,482,-23.7,35,17,659,166,71,211.12,680
3915449718,Rubus lasiococcus,46.668362,-121.893261,1313,8.3,17.7,0.9,16.7,2367,388,7.7,45.5,188,1757,3607,88,248,141,303,161,242,-21.8,35.7,15.5,709,184,70,177.58,809
3915333117,Rubus lasiococcus,48.513572,-120.735206,1477,5.9,16.7,-3.4,20,1499,232,10.6,71.9,469,1402,4462,53,193,153,283,130,516,-29.7,35.2,13.5,646,280,66,95.78,628
3912218043,Rubus lasiococcus,48.220183,-121.321895,1753,6.6,16,-0.8,16.8,3073,489,5.4,32.7,293,1385,4176,43,208,159,289,130,602,-25.6,34.4,12.9,651,152,67,252.31,582
3912209337,Rubus lasiococcus,49.075336,-120.768744,1751,5.1,15.6,-3.8,19.4,1221,213,12.4,73.4,532,1250,4703,34,178,158,274,117,481,-31.2,34.4,14,604,272,65,70.8,519
3912176597,Rubus lasiococcus,48.552135,-121.327821,1619,6.6,16.7,-1.4,18.1,3010,465,5.5,35.8,320,1434,4178,51,212,146,288,141,641,-26.5,34.8,14.8,626,129,69,248.82,621
3912096639,Rubus lasiococcus,48.518094,-121.60191,1400,7.7,17.5,-0.3,17.8,3292,522,5.4,33.6,242,1638,3818,70,233,142,293,151,467,-24.1,35.5,14.5,657,110,69,272.28,726
3903672930,Rubus lasiococcus,49.13984,-120.800215,1745,4.9,15.4,-3.9,19.3,1234,226,12.1,68.1,550,1201,4781,30,177,158,274,116,493,-31.4,34.1,14,587,243,66,74.77,486
3903622579,Rubus lasiococcus,46.479337,-121.498274,1382,7.3,17,-0.7,17.7,1870,276,9.3,61.5,266,1572,3948,66,223,150,293,143,319,-24.7,35.5,16.7,700,251,68,129.58,707
3903585775,Rubus lasiococcus,49.13984,-120.800215,1745,4.9,15.4,-3.9,19.3,1234,226,12.1,68.1,550,1201,4781,30,177,158,274,116,493,-31.4,34.1,14,587,243,66,74.77,486
3903582979,Rubus lasiococcus,49.13984,-120.800215,1745,4.9,15.4,-3.9,19.3,1234,226,12.1,68.1,550,1201,4781,30,177,158,274,116,493,-31.4,34.1,14,587,243,66,74.77,486
3903537463,Rubus lasiococcus,47.817225,-121.101186,1278,7.4,17.7,-1.3,18.9,2277,328,7.6,53.8,292,1639,3943,84,220,147,290,143,435,-25.7,36.1,13.5,700,238,67,167.75,764
3903475872,Rubus lasiococcus,48.782362,-120.730738,1888,4.5,14.8,-4,18.8,1407,215,10.3,68.5,572,1101,4919,23,174,159,279,119,618,-31.3,32.9,13.3,524,229,68,96.42,428
3903372895,Rubus lasiococcus,46.478122,-121.513222,1717,5.9,15.7,-2.1,17.8,1956,285,8.1,55,373,1287,4433,36,195,161,287,126,529,-27.5,34,16.8,626,217,67,144.75,532
3902977066,Rubus lasiococcus,46.494921,-121.504853,1825,5.5,15.2,-2.4,17.6,2040,299,7.6,50.8,406,1197,4576,29,188,165,286,121,608,-28.1,33.4,17.6,609,201,67,155.45,480
3902911147,Rubus lasiococcus,48.835438,-120.707151,1467,5.4,16.2,-4.3,20.4,1381,207,11.2,78.3,550,1348,4622,44,180,160,276,116,568,-31.4,35.5,14,651,318,64,82.19,584
3902767495,Rubus lasiococcus,48.737642,-121.129592,1362,7.6,17.8,-1,18.8,2512,361,7,49.2,277,1681,3872,88,228,140,291,151,436,-25,36.3,15.4,682,211,68,191.31,782
3902740484,Rubus lasiococcus,48.085453,-121.465538,1249,8.2,17.7,0.3,17.4,4112,662,4.4,26.7,206,1766,3634,89,244,140,298,158,465,-22.6,35.5,13,711,107,69,350.46,812
3902383606,Rubus lasiococcus,48.533969,-120.728819,1608,5.4,16,-3.6,19.6,1530,243,10.1,65.9,499,1294,4619,40,184,158,280,123,568,-30.3,34.5,13.3,628,256,66,101.46,554
3902322031,Rubus lasiococcus,47.928792,-121.339363,1394,8.1,17.8,0,17.8,3232,524,5.6,33.9,222,1737,3707,92,237,143,295,152,410,-23.4,36.3,14.7,716,158,67,259.88,809
3902135877,Rubus lasiococcus,42.868778,-122.159515,1805,7.6,17.4,0,17.3,1665,181,10.5,95.9,247,1634,3863,78,202,166,282,116,291,-25.6,37.4,17,861,430,60,92.47,747
3892577256,Rubus lasiococcus,47.670372,-121.240457,1505,7.6,17.1,0,17,2531,399,6.9,42.8,227,1584,3850,66,243,136,297,161,348,-22.8,34.7,14.3,652,174,72,199.6,699
3892493483,Rubus lasiococcus,49.126503,-120.749046,1825,4.7,15.1,-4,19.1,1266,230,11.6,65.8,572,1143,4871,27,174,159,274,114,535,-31.5,33.7,13.6,543,232,66,79.72,451
3892285458,Rubus lasiococcus,48.520978,-121.606513,1336,8,17.8,0,17.8,3230,514,5.6,34.6,225,1700,3728,78,238,140,295,155,411,-23.6,35.8,14,672,117,69,265.03,761
3889217608,Rubus lasiococcus,42.022375,-123.4559,1676,10.7,20.5,3.7,16.8,1837,154,11.3,132.9,101,2381,2905,246,283,131,322,190,83,-16.7,38.6,15.4,871,455,68,104.04,1230
3889121515,Rubus lasiococcus,47.986697,-123.460533,1385,7.2,15.8,0.2,15.7,2230,228,7.7,69.3,232,1447,3981,41,233,144,299,155,342,-23.2,33.6,14.4,621,212,71,174.17,587
3888852619,Rubus lasiococcus,49.126503,-120.749046,1825,4.7,15.1,-4,19.1,1266,230,11.6,65.8,572,1143,4871,27,174,159,274,114,535,-31.5,33.7,13.6,543,232,66,79.72,451
3888833508,Rubus lasiococcus,48.024632,-123.453076,1286,7.7,16.5,0.7,15.8,2587,283,6.9,58.2,203,1577,3788,54,238,144,302,158,313,-23.1,34.2,13.1,655,209,70,205.19,669
3888810487,Rubus lasiococcus,48.017631,-123.451887,1460,7.1,16,-0.1,16.1,2625,282,6.5,56.6,246,1446,4015,43,224,150,299,149,428,-24.4,33.7,13.8,623,200,69,211.82,595
3888791494,Rubus lasiococcus,47.983792,-123.530403,1610,6,14.9,-1.2,16.2,2535,257,6.3,58.1,329,1217,4407,28,205,157,293,136,648,-26.1,32.5,14.9,568,188,71,209.48,474
3888768205,Rubus lasiococcus,42.018619,-123.451256,1787,10.5,20.4,3.5,16.9,1856,155,11.1,132.1,108,2340,2959,238,281,133,321,188,94,-16.9,38.5,16,859,448,69,107.07,1209
3881791210,Rubus lasiococcus,47.984616,-123.530192,1610,5.9,14.9,-1.2,16.2,2543,258,6.3,57.9,332,1212,4418,27,205,158,293,136,658,-26.1,32.5,14.8,567,188,71,210.39,471
3881434912,Rubus lasiococcus,47.515067,-123.258255,1402,7.5,16,0.6,15.4,2881,389,6.1,41.2,208,1500,3874,45,243,143,300,157,348,-21.8,33.9,15.8,634,147,72,237.76,618
3873889458,Rubus lasiococcus,45.531587,-122.089011,1184,8.7,17.9,1.2,16.7,3576,540,5.2,33.1,173,1869,3466,101,256,137,302,165,325,-20.9,36.5,14.7,762,147,68,293.35,873
3873698164,Rubus lasiococcus,47.44732,-121.425597,987,8.7,17.9,0.7,17.2,3064,510,6.1,35.2,182,1856,3497,101,262,131,303,173,290,-21,36.1,12.5,714,150,71,246.54,863
3873225130,Rubus lasiococcus,47.383013,-121.446125,1112,8.4,17.7,0.4,17.4,3009,458,6.1,38.8,197,1803,3580,94,256,133,302,169,327,-21.7,36,12.7,708,173,71,241.55,835
3860608296,Rubus lasiococcus,46.132008,-122.1722,827,10.1,19.2,2.5,16.8,3931,519,5.1,37.1,119,2193,3055,166,286,117,315,197,206,-18.4,37.8,14.3,774,175,70,326.07,1077
3858254408,Rubus lasiococcus,46.758263,-121.69877,1433,7.8,17.3,0.1,17.2,2666,376,6.7,46,225,1646,3792,74,231,147,296,149,369,-23.8,35.6,14.9,720,205,67,206.69,745
3820732548,Rubus lasiococcus,45.45372,-121.66807,1001,9.6,19.6,1.3,18.4,2320,276,8.5,71.2,155,2142,3227,185,267,125,309,185,185,-21.2,37.6,14.2,779,288,69,165.34,1079
3820730379,Rubus lasiococcus,44.27628,-122.13804,1250,10.5,19.7,3.6,16.1,2273,361,9,54.6,97,2279,2925,183,272,133,307,174,86,-18.4,39.9,15.6,909,293,62,141.27,1124
3820728452,Rubus lasiococcus,42.942,-122.1064,1882,7,16.6,-0.4,17,1319,168,12.9,98.7,273,1498,4044,56,187,171,275,104,260,-27.3,37,15.4,839,437,57,59.02,652
3820726519,Rubus lasiococcus,43.97501,-121.85798,1651,7.5,17,-0.1,17.1,2009,304,8.7,55.9,244,1587,3892,67,205,162,283,122,315,-25.1,36.5,15.3,810,292,61,131.33,709
3820726381,Rubus lasiococcus,45.53999,-122.09458,1067,9.2,18.3,1.7,16.6,3405,522,5.7,35,150,1987,3296,120,266,132,305,173,245,-19.9,36.9,14.3,780,163,68,273.57,943
3820725139,Rubus lasiococcus,43.5731,-121.9972,1524,8.1,17.9,0.2,17.6,1246,182,14.5,98.2,218,1755,3689,92,204,161,277,116,164,-25.6,37.9,16.6,910,465,57,43.18,816
3820724147,Rubus lasiococcus,42.3789,-122.2111,1518,9.2,19.4,1,18.3,1050,148,18.2,130.6,177,2039,3362,156,216,151,281,131,98,-25.1,39.2,16.1,990,551,55,12.33,1008
3820722137,Rubus lasiococcus,44.1797,-121.8386,1863,6.5,15.9,-0.8,16.7,2612,403,6.3,39.5,306,1362,4238,41,184,169,278,109,574,-26.9,35.4,15.7,779,220,60,196.26,570
3820721066,Rubus lasiococcus,45.5256,-122.09471,1219,8.7,17.8,1.1,16.6,3597,545,5.2,32.6,175,1848,3490,98,254,138,301,163,334,-21,36.4,14.8,760,144,68,295.66,859
3820713388,Rubus lasiococcus,42.942013,-122.106389,1882,7,16.6,-0.4,17,1319,168,12.9,98.7,273,1498,4044,56,187,171,275,104,260,-27.3,37,15.4,839,437,57,59.01,652
3820709143,Rubus lasiococcus,44.208973,-122.367268,1402,10.3,19.5,3.8,15.7,2438,350,8.3,55.6,98,2205,2975,162,271,135,308,174,97,-18.5,39.4,15.1,879,279,63,161.24,1068
3820708114,Rubus lasiococcus,44.24734,-121.83805,1578,7.3,16.7,-0.3,16.9,2468,365,7,45.7,255,1538,3961,58,196,166,279,113,414,-25.8,36.6,16.3,823,263,59,175.81,673
3820660739,Rubus lasiococcus,43.5858,-122.6527,1766,9.2,18.6,2.1,16.5,2204,294,8.7,63.3,144,1962,3326,123,248,148,303,155,168,-20.8,37.3,14.9,831,290,65,145.83,935
3820660521,Rubus lasiococcus,44.2136,-121.8881,1463,8.5,17.7,1.2,16.5,2385,364,7.7,48.7,178,1790,3555,91,225,155,289,134,231,-23.2,37.5,15.7,864,273,60,162,823
3820656140,Rubus lasiococcus,42.948,-122.5402,1646,9.3,19.4,1.8,17.6,1430,201,13.5,96.1,156,2051,3316,169,246,153,303,150,115,-21,38.3,13.8,891,432,63,61.76,1025
3820646757,Rubus lasiococcus,42.43839,-122.23769,1707,8.6,19.2,0.4,18.8,1319,158,14.1,120.9,211,1932,3551,145,216,155,288,133,169,-24.9,38.1,17.1,922,493,59,48.84,956
3820639758,Rubus lasiococcus,47.333333,-121.5,1497,8.1,17.1,0.4,16.7,2956,468,6.1,36.5,199,1686,3677,70,256,135,303,168,329,-21.5,35.1,13.8,671,143,72,239.4,746
3820635948,Rubus lasiococcus,44.1161,-122.0867,1694,9.1,18.1,3.2,15,2246,355,8.5,51.1,125,1875,3334,97,251,147,302,155,138,-19.6,37.6,13,816,239,65,151.68,853
3820634432,Rubus lasiococcus,42.44474,-122.30031,2500,5.6,16.2,-2.4,18.7,1652,209,9.4,77.9,444,1305,4556,44,178,178,283,105,603,-28.3,34.4,15.7,698,326,65,106.93,565
3820630190,Rubus lasiococcus,42.9018,-122.095,2188,6.6,16.9,-1.3,18.2,1480,187,11.3,90.3,335,1486,4185,61,198,164,284,120,383,-26.6,35.8,15.3,729,372,64,83.73,665
3820627178,Rubus lasiococcus,42.0225,-123.4583,1634,10.8,20.6,3.8,16.8,1840,154,11.3,133.3,99,2404,2881,252,284,131,322,191,80,-16.6,38.7,15.2,878,460,68,103.55,1245
3820600453,Rubus lasiococcus,44.2763,-122.11933,1219,10.6,19.9,3.7,16.2,2266,358,9.1,55.5,95,2317,2890,193,274,131,308,176,82,-18.2,40,15.7,914,295,62,139.87,1149
3820595774,Rubus lasiococcus,42.88647,-122.10463,2010,7,17.1,-0.7,17.8,1469,183,11.6,93.3,294,1541,4056,68,196,167,282,115,321,-26.6,36.5,16.3,805,403,61,77.92,694
3820594793,Rubus lasiococcus,44.38956,-122.02179,1034,10.2,19.8,2.3,17.5,2102,306,9.6,64.6,122,2261,3035,199,258,137,298,161,111,-20.6,40,15,936,360,60,122.43,1141
3820590076,Rubus lasiococcus,44.20397,-121.9108,1478,8.9,18.1,1.7,16.3,2325,354,8.1,51.1,155,1876,3422,104,238,149,295,145,184,-21.8,37.7,16,860,275,62,155.44,872
3820589444,Rubus lasiococcus,44.79278,-121.97905,900,10.8,20.4,2.6,17.7,1852,257,11.2,79.4,108,2412,2883,244,278,125,306,181,81,-19.1,40,15.3,920,404,63,98.81,1243
3820588693,Rubus lasiococcus,44.1063,-122.0917,1375,9.8,19,3.3,15.7,2102,333,9.4,57,110,2097,3104,139,262,140,302,162,98,-19,38.9,13.5,879,291,63,129.14,999
3820582458,Rubus lasiococcus,44.1348,-122.13145,1372,10.5,19.6,3.9,15.7,2134,335,9.6,58.5,93,2265,2913,175,274,133,307,174,76,-17.7,39.7,13.8,900,299,63,127.83,1105
3820579789,Rubus lasiococcus,45.346,-121.801,1437,8.1,18,0.6,17.4,2333,366,7.7,49,209,1732,3696,95,244,138,302,164,291,-22.5,36,15,709,203,70,175.55,809
3820571518,Rubus lasiococcus,43.1647,-122.4715,1695,8.6,18.5,0.9,17.6,1663,229,11.2,80.6,193,1879,3537,121,220,161,290,130,189,-23.7,38.2,15,901,409,60,84.48,908
3820570270,Rubus lasiococcus,45.45372,-121.66807,1001,9.6,19.6,1.3,18.4,2320,276,8.5,71.2,155,2142,3227,185,267,125,309,185,185,-21.2,37.6,14.2,779,288,69,165.34,1079
3820570145,Rubus lasiococcus,44.82,-121.9797,777,11,20.7,2.9,17.8,1915,274,11,75.6,101,2493,2809,268,283,121,309,188,75,-18.7,40.2,15,924,389,63,105.06,1294
3820569101,Rubus lasiococcus,44.1925,-121.8694,1615,7.8,17.1,0.6,16.5,2477,380,7.2,44.9,211,1634,3773,70,211,159,285,126,317,-24.4,36.7,15.6,838,248,60,175.52,728
3820559397,Rubus lasiococcus,42.8456,-122.3133,1925,8.1,18.5,0.1,18.4,1617,182,11.2,101.9,232,1810,3698,121,220,157,294,137,247,-24.4,37.3,16.5,841,413,64,88.38,882
3820556251,Rubus lasiococcus,44.55967,-121.74589,1372,8.8,18.7,0.9,17.8,1871,267,10.1,70,182,1929,3472,133,228,151,291,139,187,-23.5,38.3,15.3,887,371,60,106.15,941
3820556131,Rubus lasiococcus,43.41019,-122.11487,1615,7.5,17.3,-0.1,17.5,1780,266,9.8,65,251,1620,3882,74,197,170,278,108,292,-25.4,37.7,16.4,864,365,58,102.02,737
3820550352,Rubus lasiococcus,43.5858,-122.6519,1747,9.2,18.7,2.2,16.5,2197,293,8.8,63.7,142,1977,3308,126,249,147,303,156,163,-20.7,37.4,14.9,834,292,65,144.74,944
3820549534,Rubus lasiococcus,42.0865,-122.717333,1707,10,20.2,2,18.2,899,132,22.2,153.2,139,2234,3138,221,269,134,314,180,61,-19.3,36.8,15.8,828,459,70,17.75,1153
3820548350,Rubus lasiococcus,44.695,-122.3203,1358,9.6,18.4,2.7,15.8,2704,373,7.2,49.4,118,2022,3187,123,266,135,308,174,145,-19.8,37.1,14.3,809,248,66,198.6,950
3820541693,Rubus lasiococcus,43.3647,-122.0325,1737,7.5,17.3,-0.1,17.4,1440,204,12.2,84.9,249,1622,3879,76,192,169,276,107,236,-26.3,37.6,17.1,871,428,57,66.07,739
3820539763,Rubus lasiococcus,42.942,-122.1064,1829,7.2,16.8,-0.2,16.9,1280,164,13.4,102.2,259,1533,3983,60,188,171,275,104,235,-27.2,37.3,15.4,853,451,57,53.17,672
3820537320,Rubus lasiococcus,44.3953,-122.1369,1276,9.8,19,2.8,16.2,2450,400,8.1,47.6,120,2097,3136,147,258,139,302,163,129,-19.9,38.8,15.1,877,269,63,164.68,1013
3820535155,Rubus lasiococcus,42.0603,-123.29913,1737,9.5,19.3,2.4,16.9,1748,156,11.1,123.9,140,2060,3262,160,261,143,314,171,136,-19.6,37.2,18.6,816,413,69,105.03,1022
3820533186,Rubus lasiococcus,43.9756,-121.8017,1488,8.3,18,0.2,17.8,1744,271,10.5,66.6,210,1799,3633,101,214,157,282,125,213,-25,37.8,15.3,884,359,59,95.74,844
3820528129,Rubus lasiococcus,44.164,-121.8311,1981,5.9,15.4,-1.3,16.8,2646,413,6,37.4,348,1262,4415,33,175,173,276,104,691,-27.7,34.9,15.4,722,205,60,202.7,513
3820516992,Rubus lasiococcus,45.0964,-121.7417,1021,8.9,18.8,0.5,18.3,1450,180,13,104.4,193,1962,3460,138,240,142,293,151,160,-23,38.3,14.1,847,433,63,70.98,961
3465966809,Rubus lasiococcus,47.98339,-123.530235,1603,6,15,-1.2,16.1,2525,256,6.3,58.5,325,1225,4390,28,206,157,294,137,634,-26,32.5,14.9,579,191,71,208.3,479
3456595596,Rubus lasiococcus,48.336742,-120.767728,909,9.2,20.6,-1.1,21.7,1097,133,17.5,154.5,254,2191,3445,239,238,128,294,166,184,-25.7,39,13.1,797,492,64,34.51,1166
3456198418,Rubus lasiococcus,45.746067,-122.256737,1103,9.6,18.8,1.9,16.8,4476,576,4.4,32.6,138,2093,3187,145,277,122,311,189,291,-19.2,37.3,15.2,775,144,70,380,1018
3416229548,Rubus lasiococcus,46.408507,-121.41262,1520,6.1,15.8,-2.1,17.9,1680,234,9.6,67.6,365,1329,4376,40,200,159,286,127,466,-27.2,34.2,16.2,654,262,68,116.87,561
3416061314,Rubus lasiococcus,48.919238,-121.710292,1062,9.2,18.3,1.6,16.7,2435,479,7.9,38.2,146,1959,3301,112,268,127,302,174,147,-20.2,37,15.3,718,143,69,178.92,903
3408244476,Rubus lasiococcus,47.411117,-121.44155,681,9.4,18.8,0.8,17.9,2699,447,7.2,42,166,2060,3285,141,264,130,303,173,222,-21,37.8,14.1,783,210,67,201.88,1001
3408234500,Rubus lasiococcus,46.145046,-122.157974,916,9.6,18.9,2.1,16.7,4024,528,4.9,35.8,132,2076,3184,142,279,123,312,189,249,-19,37.4,15.1,755,163,70,337.85,1002
3408227518,Rubus lasiococcus,47.938451,-123.730206,1470,7.5,16,0.8,15.2,3967,496,4.4,32.3,198,1501,3851,46,245,139,301,162,466,-22.1,33.6,13.4,617,102,72,346.98,619
3408226389,Rubus lasiococcus,48.526697,-120.647578,1654,5.3,15.9,-3.7,19.5,1549,245,9.8,64.8,513,1267,4671,38,182,159,280,121,595,-30.4,34.4,11.1,620,249,66,104.42,538
3408224470,Rubus lasiococcus,46.766983,-121.705803,1398,7.8,17.3,0.2,17.1,2783,391,6.4,44.1,220,1655,3771,74,232,146,296,150,372,-23.6,35.6,15,720,198,68,218.48,747
3408220472,Rubus lasiococcus,47.8047,-123.145797,1533,6.3,14.8,-0.4,15.2,2400,366,6.8,40.4,282,1230,4293,26,219,152,293,141,464,-24,32.4,13.1,575,126,72,196.4,472
3408218500,Rubus lasiococcus,46.91621,-121.849184,1530,6.7,16,-0.7,16.7,2170,490,7.7,32.6,284,1403,4145,42,214,153,292,140,375,-25.3,34.2,14.6,657,115,68,164.63,586
3408206483,Rubus lasiococcus,46.320915,-121.546054,1299,7.2,16.7,-0.7,17.4,1706,254,10.1,65.7,267,1537,3980,60,222,151,290,139,304,-24.5,35.6,15,711,278,67,112.63,679
3408201484,Rubus lasiococcus,46.871478,-121.518104,1653,6.3,15.9,-1.4,17.4,2004,246,8.1,64.7,329,1350,4288,41,202,159,289,130,497,-26.5,34.3,14.9,656,247,67,147.32,565
3408158471,Rubus lasiococcus,47.806492,-123.1436,1496,6.4,15,-0.2,15.2,2372,362,6.9,41.3,269,1261,4236,28,223,151,294,143,429,-23.8,32.6,13.2,580,129,72,192.84,487
3408134450,Rubus lasiococcus,43.581183,-122.042739,1465,8.3,18,0.6,17.3,1462,218,12.5,82.6,200,1799,3612,99,214,158,282,124,169,-24.4,37.9,16,899,422,58,66.18,844
3408130375,Rubus lasiococcus,47.984612,-123.53055,1610,5.9,14.9,-1.2,16.2,2546,258,6.3,57.8,333,1212,4419,27,204,158,293,136,660,-26.1,32.5,14.8,567,188,71,210.76,471
3408127397,Rubus lasiococcus,48.514254,-121.21834,1170,8.5,18.4,0.1,18.3,2635,398,7,46.3,211,1862,3564,112,245,132,296,165,306,-23.3,36.9,11.9,720,195,68,200.59,884
3408127393,Rubus lasiococcus,47.453483,-121.415297,1604,7.7,17,0,17,3162,494,5.6,34.4,227,1617,3815,68,251,135,302,167,429,-21.9,34.7,12.3,637,129,74,262.76,720
3408123472,Rubus lasiococcus,48.006355,-120.96086,767,10.1,21.9,-0.7,22.5,1516,158,13.3,138.1,219,2458,3189,324,249,125,295,170,218,-25,40.7,11.3,870,515,62,64.21,1353
3408104489,Rubus lasiococcus,46.871471,-121.517629,1651,6.3,15.9,-1.4,17.4,2003,246,8.2,64.7,329,1350,4287,41,202,159,289,130,497,-26.5,34.3,14.9,656,247,67,147.21,565
3408103375,Rubus lasiococcus,45.288927,-121.738366,1122,8.7,18.2,1,17.2,1997,320,9.3,56.9,177,1857,3500,107,249,138,299,161,187,-22,37.1,14.8,775,252,67,134.64,872
3408095469,Rubus lasiococcus,46.056911,-122.044975,477,11.4,20.6,3.2,17.4,3052,415,7,49.6,91,2577,2687,268,296,107,315,208,103,-17.5,40,13.3,882,268,65,223.91,1330
3408065593,Rubus lasiococcus,47.793094,-121.103911,1509,6.9,16.9,-1.4,18.2,2353,337,7.2,50,307,1498,4103,61,215,150,290,140,486,-25.9,35.1,13.3,662,215,68,179.98,667
3408065494,Rubus lasiococcus,48.924488,-121.857675,1476,7,16.6,-0.6,17.2,2264,429,7.5,38.7,261,1455,4037,47,226,145,291,146,353,-24.6,34.6,16.1,624,121,70,174.92,611
3408061652,Rubus lasiococcus,48.516872,-120.672128,1716,5.1,15.6,-3.7,19.3,1558,250,9.7,62.3,524,1219,4737,33,179,160,280,119,614,-30.5,34,12.7,609,237,67,106.75,506
3408061492,Rubus lasiococcus,45.790087,-121.749053,639,11.3,21.2,1.9,19.3,2492,268,8.5,79,115,2618,2766,313,289,108,312,204,125,-19.5,40,16,898,383,65,165.26,1396
3408060377,Rubus lasiococcus,45.397501,-121.691244,1962,5.6,15.9,-1.6,17.4,3318,462,4.7,34.4,402,1233,4560,38,204,154,296,142,1083,-25.6,32.8,14.4,506,112,74,290.88,520
3408059479,Rubus lasiococcus,47.093689,-121.404533,1421,7.1,17,-1.2,18.2,1730,260,9.9,65.3,295,1563,4015,67,221,148,293,145,347,-25.3,35.3,15.7,680,257,68,115.99,704
3408046184,Rubus lasiococcus,47.51028,-121.211295,1125,8,18.4,-0.8,19.2,2432,352,7.4,52.4,255,1803,3737,117,232,144,295,150,390,-24.5,37.2,12.9,730,246,67,179.14,874
3408043487,Rubus lasiococcus,48.721077,-121.805945,1320,8.2,17.5,0.9,16.7,4276,638,4.3,27.4,182,1705,3620,72,249,139,296,158,402,-22,35.3,15.6,677,64,69,369.47,746
3408040481,Rubus lasiococcus,43.576451,-122.187208,1622,8,17.6,0.6,17,1895,294,9.5,59.9,209,1721,3701,87,215,160,287,127,238,-23.7,37.3,16.3,862,320,61,114.43,796
3408029454,Rubus lasiococcus,46.766226,-121.635288,927,9.9,19.7,1.9,17.9,1919,263,10.4,75,137,2180,3143,188,267,130,305,175,121,-20.4,39.1,14.5,821,337,66,117.04,1095
3408020493,Rubus lasiococcus,46.871078,-121.518044,1653,6.3,15.9,-1.4,17.4,2004,246,8.1,64.7,329,1350,4288,41,202,159,289,130,497,-26.5,34.3,14.9,656,247,67,147.35,565
3408018396,Rubus lasiococcus,46.866904,-121.518215,1622,6.4,16,-1.4,17.4,1981,244,8.3,65.8,321,1374,4250,43,204,159,289,130,475,-26.4,34.5,14.9,661,252,67,144.39,580
3408012494,Rubus lasiococcus,45.3152,-121.712112,1531,7.3,17.2,0,17.3,2565,391,6.7,44.1,254,1558,3956,69,229,145,297,152,440,-23.6,35.2,16.7,669,174,70,203.03,699
3407991541,Rubus lasiococcus,46.866079,-121.517886,1633,6.4,16,-1.4,17.4,1984,244,8.3,65.6,323,1367,4261,42,203,159,289,130,480,-26.4,34.4,14.9,659,251,67,144.83,576
3407991494,Rubus lasiococcus,47.588013,-121.135369,1279,7.2,17.6,-1.6,19.2,2244,306,7.7,57.7,314,1616,4010,83,224,142,292,150,487,-25.5,36,14.6,678,243,69,167.55,756
3407988364,Rubus lasiococcus,44.255211,-121.768861,1772,6.7,16.4,-0.8,17.2,2039,293,8.2,56,297,1441,4144,49,187,167,277,110,431,-26.6,35.9,16.4,802,300,59,135.71,621
3407970385,Rubus lasiococcus,47.139658,-121.30322,1709,6.7,16.8,-2.1,18.9,1926,281,8.6,59.9,351,1498,4184,62,206,154,290,136,487,-27.1,35.5,16,683,244,67,134.56,673
3407962627,Rubus lasiococcus,45.309896,-121.642256,1427,7.6,17.5,0.2,17.3,2371,367,7.4,47.6,233,1626,3845,77,232,145,297,151,352,-23.3,35.8,15.6,714,201,69,179.92,738
3407959352,Rubus lasiococcus,46.108445,-122.129537,1239,8.3,17.6,1.2,16.4,4409,578,4.1,30.5,181,1726,3617,81,259,134,305,170,457,-20.4,35.5,15.4,680,118,73,386.21,782
3407953489,Rubus lasiococcus,46.644444,-121.390275,1402,6.9,16.7,-1.5,18.2,1529,203,11,82.3,310,1502,4110,60,212,154,290,136,340,-26,35.4,15.3,685,315,67,96.72,670
3407949517,Rubus lasiococcus,47.744457,-121.087334,1281,7,17.1,-1.4,18.5,2271,324,7.5,52.7,308,1537,4067,67,217,148,290,142,471,-25.8,35.4,13.8,671,226,68,171.71,693
3407949408,Rubus lasiococcus,47.100753,-121.398131,1461,7,16.9,-1.3,18.2,1773,264,9.6,63.9,304,1539,4055,64,219,148,293,145,372,-25.5,35.1,15.7,673,245,69,121.26,690
3407948543,Rubus lasiococcus,47.086311,-121.381692,1508,6.8,16.7,-1.6,18.3,1705,258,9.9,64.7,322,1498,4128,59,215,150,293,143,387,-26,34.8,15.4,664,244,69,115.88,664
3407947482,Rubus lasiococcus,43.692136,-122.040051,1657,7.4,17,0,17,1861,300,9.4,56.6,248,1580,3908,66,202,165,281,116,297,-24.9,36.6,15.9,826,303,60,114.74,707
3407947481,Rubus lasiococcus,46.716468,-121.691848,1630,7,16.5,-0.5,17,2726,392,6.3,42.1,267,1482,4040,53,218,153,293,141,490,-24.8,34.8,14.8,677,181,68,216.87,639
3407919330,Rubus lasiococcus,47.62163,-120.663477,628,11.6,24,-0.3,24.4,713,77,30.2,311.2,183,2892,2862,524,258,116,295,179,80,-24.6,43.2,13.8,965,697,59,-30.43,1682
3407915376,Rubus lasiococcus,46.916968,-121.874258,960,8.9,18.1,1.3,16.8,1973,438,9.6,41.2,163,1897,3415,105,253,136,302,166,145,-21.9,36.5,15.5,749,169,67,133.63,886
3407915371,Rubus lasiococcus,44.041913,-121.696741,1865,6.7,16.8,-1.1,18,1914,261,8.7,64.4,315,1475,4151,57,195,163,279,116,438,-26.3,35.6,17,769,314,62,125.52,653
3407912457,Rubus lasiococcus,46.784939,-121.780602,1215,8.3,17.6,0.5,17.2,2900,416,6.3,42.4,198,1770,3615,88,242,142,298,155,326,-23,35.9,15.2,738,194,67,227.73,815
3407900399,Rubus lasiococcus,48.144534,-120.853908,1410,7.3,18.4,-2.5,20.9,1617,218,10.7,84.6,373,1745,4001,113,211,143,288,144,435,-28.3,36.9,14.7,729,341,65,96.63,859
3407899496,Rubus lasiococcus,47.971213,-123.493343,1615,7,15.8,0,15.7,2085,216,8.1,73,244,1401,4059,40,230,146,298,153,348,-23.7,33.4,15,606,217,72,160.39,569
3407896571,Rubus lasiococcus,47.986166,-123.530757,1623,5.8,14.8,-1.4,16.2,2573,261,6.1,56.9,344,1192,4461,26,202,159,293,134,696,-26.4,32.3,14.8,563,186,71,213.95,460
3407896366,Rubus lasiococcus,47.970485,-123.51328,1509,7.1,15.9,0.2,15.8,2179,225,7.9,70.9,234,1440,3999,43,232,145,299,154,341,-23.4,33.6,15,616,215,72,168.79,593
3407894380,Rubus lasiococcus,47.448681,-121.42821,1040,8.6,17.8,0.7,17.1,3116,522,6,34.1,184,1831,3523,96,262,131,304,173,299,-21,35.9,12.6,705,141,71,252.68,846
3398930980,Rubus lasiococcus,46.785267,-121.781314,1265,8.1,17.5,0.3,17.2,2905,417,6.2,41.9,209,1724,3680,82,238,144,297,153,354,-23.3,35.7,15.3,730,191,67,229.37,788
3391686695,Rubus lasiococcus,47.803196,-121.079387,1291,7.3,17.7,-1.4,19.1,2262,322,7.7,54.8,301,1637,3962,85,218,147,290,143,450,-25.9,36.1,13.6,701,241,67,166.21,765
3391543811,Rubus lasiococcus,46.792087,-121.606417,1681,7.1,16.8,-0.5,17.3,2345,311,7.3,54,269,1503,4029,58,218,153,294,142,433,-24.9,35.3,15.4,681,218,68,177.91,660
3384919200,Rubus lasiococcus,47.422458,-121.317515,1061,8.2,18,-0.2,18.2,3086,440,5.9,40.8,225,1793,3663,101,247,137,299,162,411,-22.6,36.5,14.5,711,192,70,248.17,846
3384746989,Rubus lasiococcus,47.423623,-121.332972,1530,7.4,17,-0.4,17.4,3588,508,4.9,33.5,248,1579,3900,67,246,135,300,164,562,-22.5,34.7,14.8,631,129,74,306.86,705
3384683229,Rubus lasiococcus,47.734172,-121.08832,1397,7,17.1,-1.4,18.5,2289,328,7.4,52,310,1528,4081,66,217,148,290,142,479,-25.8,35.2,13.7,665,222,68,173.66,688
3384050083,Rubus lasiococcus,47.4206,-121.334875,1525,7.5,17,-0.3,17.4,3572,506,4.9,33.6,245,1589,3884,68,247,135,300,165,549,-22.4,34.7,14.6,633,131,74,304.92,710
3355558387,Rubus lasiococcus,48.581428,-120.810742,1267,6.5,17.5,-3.2,20.6,1532,231,10.8,75.5,428,1557,4246,75,200,148,282,134,467,-29.5,36.2,12.8,680,305,65,94.3,726
3355476240,Rubus lasiococcus,46.870099,-121.519413,1628,6.4,16,-1.4,17.4,1992,245,8.2,65.3,323,1369,4257,42,203,159,289,130,480,-26.4,34.4,14.9,660,251,67,145.62,577
3343959628,Rubus lasiococcus,47.415327,-121.474357,1566,8.2,17.4,0.5,16.8,3145,528,5.8,32.9,195,1713,3654,79,257,132,302,169,334,-21.4,35.1,14.9,669,119,72,257.76,772
3338135153,Rubus lasiococcus,47.909257,-121.182515,1484,7,17.2,-1.4,18.6,2945,464,5.8,37.1,309,1556,4049,72,215,150,290,139,607,-25.9,35.6,14.9,678,174,67,236.72,710
3338051294,Rubus lasiococcus,47.84355,-121.151693,1579,6.7,16.6,-1.2,17.8,2654,405,6.3,40.9,304,1440,4155,54,215,151,290,140,545,-25.6,34.6,14.8,642,177,69,212.45,630
3337664581,Rubus lasiococcus,42.093028,-123.372187,1741,9.9,19.7,2.9,16.8,1660,155,12,126.7,124,2160,3137,182,267,141,316,176,105,-18.8,37.7,18.4,840,429,68,91.91,1082
3335519472,Rubus lasiococcus,46.916283,-121.85051,1509,6.8,16.1,-0.7,16.7,2161,488,7.8,32.9,278,1421,4115,44,216,152,293,141,362,-25.1,34.3,14.7,660,116,68,163.33,597
3335327797,Rubus lasiococcus,48.921805,-121.856042,1375,7.5,17,-0.1,17.1,2236,422,7.8,40.3,230,1567,3862,59,235,141,293,152,286,-23.7,35.1,16.2,644,133,70,169.16,674
3335326356,Rubus lasiococcus,47.694153,-123.327145,1327,7.2,15.6,0.6,15,3130,455,5.5,34.3,215,1424,3963,38,239,143,298,156,404,-22.5,33.3,15.8,611,109,72,265.82,566
3333545474,Rubus lasiococcus,48.921085,-121.855977,1375,7.5,17,-0.1,17.1,2233,422,7.9,40.3,230,1567,3862,59,235,141,293,152,286,-23.7,35.1,16.2,644,133,70,168.84,674
3333368709,Rubus lasiococcus,48.074735,-121.486097,761,10,19.7,1.2,18.5,3627,636,5.5,30.9,151,2261,3095,192,275,116,307,191,241,-20.6,36.8,13.7,763,134,69,294.65,1138
3333258618,Rubus lasiococcus,47.983178,-123.530228,1603,6,15,-1.1,16.1,2523,256,6.3,58.6,324,1226,4387,28,206,157,294,137,632,-25.9,32.6,14.9,579,191,71,208,480
3333168607,Rubus lasiococcus,47.584837,-121.134346,1214,7.3,17.8,-1.5,19.3,2212,298,7.8,59.5,310,1639,3983,87,224,142,292,149,472,-25.5,36.2,14.4,687,253,69,163.48,771
3333108007,Rubus lasiococcus,48.921825,-121.856042,1375,7.5,17,-0.1,17.1,2236,422,7.8,40.3,230,1567,3862,59,235,141,293,152,286,-23.7,35.1,16.2,644,133,70,169.17,674
3330915371,Rubus lasiococcus,46.241589,-122.137684,1291,7.9,17.5,0.6,16.9,2762,423,6.5,41.3,205,1664,3731,75,251,137,301,164,332,-21.3,35.6,15,677,158,72,221.87,749
3330480244,Rubus lasiococcus,46.78167,-121.747313,1569,6.7,16,-0.9,16.9,3117,430,5.4,37.3,290,1407,4153,44,213,155,292,137,635,-25.4,33.9,15.8,649,159,68,259.17,591
3330456659,Rubus lasiococcus,47.753977,-121.084253,1236,7.1,17.2,-1.4,18.7,2261,322,7.6,53.5,309,1564,4039,71,217,148,290,142,469,-25.9,35.6,13.8,679,230,68,169.8,712
3328141578,Rubus lasiococcus,46.769137,-121.72475,1488,7.3,16.6,-0.3,17,2951,415,5.9,40.1,250,1531,3953,57,223,150,294,144,482,-24.5,34.7,15.3,683,176,68,238.96,665
3328044821,Rubus lasiococcus,47.862812,-123.933992,186,11.9,19.6,5.2,14.4,3809,542,5.7,36.1,58,2632,2453,211,324,81,333,252,61,-12.8,38.7,9.2,803,180,69,306.82,1290
3327810501,Rubus lasiococcus,47.916228,-123.363517,1602,6.4,15.2,-0.4,15.6,2000,220,8.2,69.2,282,1289,4251,32,222,150,295,146,413,-23.9,32.7,14.2,577,208,73,155.18,511
3327765793,Rubus lasiococcus,47.429567,-121.555113,1328,8.6,17.6,0.9,16.7,3382,608,5.5,28.9,177,1807,3519,88,263,131,304,173,302,-20.8,35.5,13.8,693,101,72,279.05,822
3320806129,Rubus lasiococcus,45.337583,-121.659583,1792,6.4,16.6,-0.7,17.3,2935,435,5.6,38.1,318,1383,4258,50,215,150,296,146,710,-24.5,34,16.2,608,132,72,246.03,598
3320801692,Rubus lasiococcus,45.2865,-121.736167,1097,8.7,18.2,1.1,17.2,1959,315,9.6,58,174,1873,3477,110,250,138,299,161,177,-21.9,37.2,14.7,781,260,67,130.11,882
3320775556,Rubus lasiococcus,42.386667,-122.258333,1584,8.8,19.1,0.6,18.4,1176,164,16,116.6,196,1953,3488,141,211,156,283,127,131,-25.6,38.8,16.1,968,516,56,28.55,958
3320758264,Rubus lasiococcus,46.124556,-121.829556,1175,8.2,17.9,0.8,17.1,2537,348,7.2,51.3,194,1743,3639,87,251,138,302,164,283,-21.5,36.5,14.3,712,217,71,195.9,800
3320751784,Rubus lasiococcus,46.124556,-121.829556,1158,8.3,17.9,0.8,17.1,2536,348,7.2,51.5,191,1760,3616,90,252,138,302,164,275,-21.5,36.6,14.3,716,220,70,195.2,810
3090801343,Rubus lasiococcus,46.678935,-121.901159,1524,8,17.5,0.6,17,2376,394,7.6,44.4,208,1699,3710,83,242,145,302,157,285,-22.4,35.5,15.4,697,176,70,179.27,781
3067851063,Rubus lasiococcus,46.767045,-121.705803,1398,7.8,17.3,0.2,17.1,2784,391,6.4,44.1,220,1654,3771,74,232,146,296,150,373,-23.6,35.6,15,720,198,68,218.58,747
3039454374,Rubus lasiococcus,46.773026,-121.736755,1539,7,16.3,-0.6,16.9,3032,424,5.6,38.5,271,1460,4064,49,218,153,293,140,559,-25,34.2,15.6,669,167,68,249.18,622
3014005211,Rubus lasiococcus,47.470614,-121.459222,1234,8.4,17.5,0.7,16.8,3358,601,5.5,29.1,186,1761,3589,85,262,130,304,174,327,-20.9,35.4,13,677,106,73,279.54,801
3013947492,Rubus lasiococcus,46.874472,-121.516931,1639,6.3,15.9,-1.4,17.4,1994,245,8.2,65.1,327,1355,4279,41,203,159,289,130,491,-26.5,34.3,15,657,249,67,146.24,568
2992809374,Rubus lasiococcus,46.766922,-121.721336,1460,7.4,16.8,-0.2,17,2897,409,6,41.2,240,1569,3897,62,226,149,295,146,445,-24.2,34.9,15.2,690,182,68,232.45,691
2992762496,Rubus lasiococcus,47.513327,-123.256062,1304,7.9,16.4,1,15.5,2856,384,6.3,42.8,189,1589,3742,53,250,140,302,162,296,-21.3,34.4,15.8,650,158,72,233.16,671
2988664305,Rubus lasiococcus,48.727087,-121.876675,1211,8.5,17.6,1.2,16.4,4468,653,4.2,27,165,1771,3516,80,255,136,298,162,361,-21.5,35.6,14.3,686,63,69,387.39,781
2988657995,Rubus lasiococcus,46.145845,-121.59058,1396,7.6,17.4,-0.4,17.8,2344,306,7.5,56.7,247,1631,3857,75,233,143,296,153,373,-23.8,35.8,15.7,694,234,69,177.35,743
2988509242,Rubus lasiococcus,48.518138,-121.601732,1400,7.7,17.5,-0.3,17.8,3293,522,5.4,33.6,242,1638,3818,70,233,142,293,151,467,-24.1,35.5,14.5,657,110,69,272.34,726
2988501859,Rubus lasiococcus,46.140145,-121.597867,1278,8,17.7,0,17.7,2278,299,7.9,59.3,222,1724,3719,88,241,140,298,158,307,-23,36.4,15.2,725,247,69,168.23,798
2988497235,Rubus lasiococcus,48.520907,-121.60649,1336,8,17.8,0,17.8,3230,514,5.6,34.6,225,1700,3728,78,239,140,295,155,411,-23.6,35.8,14,672,117,69,265.04,761
2988388992,Rubus lasiococcus,46.159881,-121.578852,1580,6.8,16.7,-1.1,17.8,2535,332,6.6,50.5,297,1477,4110,56,219,149,293,145,530,-25.1,34.9,16.5,651,208,70,200.92,648
2988382279,Rubus lasiococcus,48.726657,-121.875128,1183,8.7,17.7,1.3,16.4,4462,651,4.2,27.2,159,1799,3477,84,257,135,298,163,342,-21.3,35.7,14.2,690,66,69,386.16,796
2988331614,Rubus lasiococcus,49.131497,-120.757025,1843,4.6,15,-4,19,1285,232,11.3,64.5,580,1118,4906,25,172,160,274,114,551,-31.6,33.5,13.7,538,223,66,82.31,438
2982037079,Rubus lasiococcus,42.022834,-123.456961,1648,10.7,20.5,3.8,16.8,1835,154,11.3,133.2,99,2394,2890,249,283,131,322,191,81,-16.6,38.7,15.3,876,458,68,103.4,1238
2982035083,Rubus lasiococcus,42.660409,-122.220859,1854,8.2,18.7,-0.2,18.9,1550,191,11.7,98.1,243,1839,3703,130,213,161,290,129,246,-25,37.7,15.8,867,440,61,76.6,905
2980862091,Rubus lasiococcus,48.752647,-121.74448,1185,8.7,18,1.3,16.7,3660,573,5.1,31.4,164,1813,3484,90,258,135,299,164,288,-21,35.9,13.7,692,97,69,305.7,811
2980771986,Rubus lasiococcus,46.164633,-122.190505,1413,7.6,17.1,0.6,16.5,4258,568,4.1,30.1,218,1580,3843,62,247,139,299,161,587,-21.3,34.9,15.6,652,112,73,374.59,692
2963931980,Rubus lasiococcus,47.404494,-121.285354,914,8.5,18.6,-0.6,19.2,2192,319,8.4,58.4,233,1902,3597,130,238,141,294,153,309,-23.9,37.9,14.6,767,272,66,151.68,931
2963825093,Rubus lasiococcus,47.751815,-122.931087,1105,9.6,18.6,2,16.6,1957,288,10,64.6,125,2055,3171,131,280,122,315,193,106,-19.9,36.1,14.8,679,197,72,136.05,974
2963801725,Rubus lasiococcus,47.649391,-123.090288,1210,8.4,16.8,1.6,15.2,2461,339,7.5,49.7,154,1709,3531,64,267,129,308,179,187,-19.9,34.3,12.5,638,165,73,193.94,734
2860114470,Rubus lasiococcus,46.767527,-121.707154,1401,7.8,17.2,0.1,17.1,2808,395,6.3,43.6,220,1649,3777,73,232,147,296,150,378,-23.6,35.5,15,719,196,68,221.13,743
2826498669,Rubus lasiococcus,44.04114,-121.70111,1797,7.1,17.2,-0.8,18,1941,265,8.8,64.7,289,1548,4026,66,203,160,281,121,393,-25.6,35.9,16.9,790,315,63,126.73,696
2826383506,Rubus lasiococcus,48.586278,-120.805648,1123,7.1,18.2,-3,21.2,1502,225,11.4,80.8,400,1697,4075,101,208,144,284,140,419,-29,37,12.7,708,335,64,87.08,816
2826376562,Rubus lasiococcus,47.885908,-123.04835,1352,7.7,16.2,0.8,15.4,1638,224,10.8,72.2,198,1558,3790,48,243,143,299,156,195,-22.2,34.1,13.1,645,230,71,111.16,651
2826363319,Rubus lasiococcus,47.505531,-121.73899,1173,9,17.4,1.7,15.7,3738,708,5.1,24.5,147,1870,3370,84,276,127,309,183,245,-18.9,35,13.9,695,60,72,314.24,835
2826303333,Rubus lasiococcus,47.1187,-121.405777,1615,6.7,16.5,-1.6,18.1,1913,281,8.7,58.7,326,1467,4163,55,216,150,293,144,442,-25.7,34.6,16.3,654,226,70,137.38,641
2826282335,Rubus lasiococcus,47.424017,-121.4175,927,8.7,18.2,0.4,17.8,2748,433,6.8,42,190,1900,3482,112,258,133,302,169,281,-21.5,36.8,13.1,740,200,69,211.62,901
2826263706,Rubus lasiococcus,48.661581,-121.336117,796,10.6,20,2.5,17.5,2178,353,9.4,56.7,112,2348,2907,207,290,111,312,201,97,-18.1,38.2,13.4,769,242,69,146.15,1167
2826262375,Rubus lasiococcus,42.898583,-122.159789,1991,6.7,16.5,-0.8,17.3,1666,196,10,84.5,307,1449,4163,53,186,172,277,105,395,-27.3,36.6,16.8,809,391,59,97.81,631
2826261675,Rubus lasiococcus,48.677297,-121.321069,1437,7.2,17.1,-0.8,17.9,2754,441,6.3,38.8,276,1555,3970,62,224,143,290,148,472,-25.3,35.5,15.6,648,149,68,220.04,688
2826202368,Rubus lasiococcus,47.971035,-123.493553,1605,7,15.8,0.1,15.7,2082,216,8.2,73.2,241,1408,4046,41,230,146,299,153,342,-23.6,33.4,15,608,217,72,159.93,575
2826199559,Rubus lasiococcus,47.77654,-120.850185,1044,8.7,19.8,-1,20.9,1249,142,15,139.3,254,2039,3552,187,228,139,290,151,211,-25.8,38.7,16.2,799,467,63,49.87,1051
2826196604,Rubus lasiococcus,47.121794,-121.402992,1603,6.7,16.5,-1.5,18.1,1929,283,8.7,58.5,324,1476,4151,56,218,149,294,144,442,-25.6,34.6,16.2,654,226,70,138.86,648
2826186257,Rubus lasiococcus,42.880538,-122.11795,2065,6.9,17,-0.8,17.7,1552,189,10.9,89.6,299,1524,4080,64,194,168,281,112,350,-26.8,36.6,17.5,809,397,61,85.46,682
2826185379,Rubus lasiococcus,49.180847,-120.668417,1517,6,16.7,-3.5,20.2,988,196,16.2,85.6,472,1447,4404,56,192,149,277,128,319,-30.2,35.7,13.6,651,317,65,42.32,649
2826181392,Rubus lasiococcus,49.075572,-120.768862,1751,5.1,15.6,-3.8,19.4,1221,213,12.4,73.4,532,1251,4703,34,178,158,274,117,480,-31.2,34.4,14,605,272,65,70.78,519
2826176308,Rubus lasiococcus,47.975278,-123.486389,1584,6.9,15.7,0,15.8,2124,219,8,71.6,247,1396,4069,39,228,147,298,151,361,-23.8,33.4,14.8,597,216,72,164.23,565
2826140487,Rubus lasiococcus,45.408614,-121.617258,1364,8,18.2,0,18.2,2621,334,6.8,54.5,231,1736,3750,104,239,140,301,161,389,-23.3,35.9,14.5,692,216,71,205.53,825
2826131309,Rubus lasiococcus,46.936036,-121.486177,1750,5.9,15.4,-1.9,17.3,1903,245,8.4,63.1,363,1275,4421,34,198,160,288,128,536,-27,33.7,15.8,637,234,68,139.69,519
2823105294,Rubus lasiococcus,48.676353,-121.321486,1383,7.5,17.3,-0.6,17.9,2708,434,6.5,39.9,259,1609,3886,69,229,141,292,151,422,-24.8,35.7,15.5,655,156,69,214.24,719
2818541693,Rubus lasiococcus,46.770641,-121.712425,1395,7.8,17.1,0.1,17,2882,405,6.2,42.3,222,1636,3791,70,232,147,296,149,393,-23.7,35.4,15,715,190,68,229.11,733
2802617484,Rubus lasiococcus,47.987203,-123.459878,1385,7.2,15.8,0.2,15.7,2238,229,7.7,69.1,233,1443,3986,41,233,144,299,154,345,-23.3,33.6,14.4,620,212,71,174.96,585
2641430390,Rubus lasiococcus,44.223747,-122.121452,1015,11.4,20.7,4.1,16.5,2155,323,9.9,63.9,80,2553,2672,258,287,122,310,189,58,-17,41,14.5,960,352,61,122.07,1304
2619871311,Rubus lasiococcus,46.166389,-122.084444,825,10,19.5,2.2,17.3,3390,457,5.9,42.6,124,2203,3072,176,282,120,312,192,188,-18.8,38.3,13.6,792,207,69,269.67,1091
2596154564,Rubus lasiococcus,46.879966,-121.726909,2524,1.6,11.4,-5.9,17.3,2927,417,4,27.3,942,627,5986,4,133,184,276,92,1935,-33.5,28.9,14.7,397,92,70,263.65,150
2573927615,Rubus lasiococcus,46.917496,-121.844262,1583,6.5,15.7,-1,16.7,2195,497,7.5,31.7,301,1354,4225,38,210,154,291,137,411,-25.6,33.9,14.4,638,108,68,168.33,557
2573916676,Rubus lasiococcus,42.866875,-122.159483,1794,7.6,17.4,0.1,17.4,1662,181,10.6,96.5,244,1646,3847,80,203,166,283,117,285,-25.5,37.4,16.9,863,431,60,91.77,756
2563559048,Rubus lasiococcus,48.719765,-120.902192,1136,7.7,18.3,-1.7,20,1926,255,9.2,71.8,311,1767,3864,109,221,140,288,148,399,-26.7,37.1,11.9,716,296,66,129.46,854
2518128100,Rubus lasiococcus,47.452431,-121.61133,938,9.7,18.3,2.1,16.2,3197,593,6.2,30.9,128,2076,3149,123,284,121,312,191,169,-18.3,36.3,12.1,739,110,70,254.82,977
2456561772,Rubus lasiococcus,48.526405,-120.648858,1682,5.2,15.7,-3.7,19.4,1560,247,9.7,63.7,519,1243,4705,35,180,159,280,120,609,-30.5,34.2,11.2,615,244,66,106.21,522
2451678638,Rubus lasiococcus,46.762122,-121.699312,1389,7.9,17.4,0.2,17.2,2659,374,6.7,46.5,217,1680,3744,79,233,146,297,150,347,-23.5,35.8,14.9,726,208,67,205.13,766
2430460820,Rubus lasiococcus,47.742612,-121.069544,1067,7.1,17.3,-1.5,18.9,2252,322,7.6,53.8,314,1583,4033,76,216,148,289,142,477,-26,36,13.6,686,235,67,168.94,729
2430220280,Rubus lasiococcus,48.461477,-120.792723,914,8.6,19.9,-1.5,21.5,1601,190,11.6,104.9,281,2043,3601,192,235,131,294,163,300,-26.2,38.4,13.5,762,395,65,90.56,1057
2423258629,Rubus lasiococcus,44.04162,-121.703103,1808,7,17.1,-0.9,18,1955,267,8.7,64.1,292,1538,4047,65,202,161,281,120,402,-25.7,35.9,16.8,776,314,63,128.31,690
2423253982,Rubus lasiococcus,44.133789,-121.847253,1802,7,16.4,-0.3,16.6,2597,405,6.5,40.5,267,1461,4068,51,195,165,282,117,472,-25.8,35.8,15.2,788,222,61,192.85,628
2423243717,Rubus lasiococcus,44.274792,-122.141425,1329,10.2,19.4,3.5,16,2297,369,8.8,52.6,103,2207,2995,166,267,136,305,169,96,-18.7,39.6,15.8,899,282,62,145,1076
2423147880,Rubus lasiococcus,46.797439,-121.733938,1875,5.5,14.9,-2.1,16.9,3257,439,4.7,33.9,394,1161,4584,26,192,163,288,125,1014,-27.4,32.7,17.2,588,138,69,279.15,454
2422948220,Rubus lasiococcus,45.396733,-121.736992,1642,6.9,17,-0.6,17.5,2845,422,5.9,40.3,292,1479,4114,63,223,146,299,153,597,-24.1,34.4,14.7,628,148,73,235.97,659
2422878570,Rubus lasiococcus,44.252798,-122.141505,1254,10.7,19.9,3.9,16,2274,356,9.1,55.8,91,2330,2865,193,276,131,309,178,78,-17.7,40.1,16,913,293,62,140.22,1153
2422874922,Rubus lasiococcus,44.03992,-121.819405,1835,6.8,16.5,-0.7,17.2,2418,368,6.9,44.7,292,1445,4133,51,192,166,280,114,496,-26.4,35.6,16.6,786,240,61,175.64,625
2422872388,Rubus lasiococcus,42.895448,-122.133416,1973,6.8,16.6,-0.8,17.4,1597,195,10.5,85,301,1467,4135,55,188,171,278,107,365,-27.3,36.5,15.7,810,390,60,90.96,642
2422865174,Rubus lasiococcus,44.624167,-122.017222,1615,8.6,17.6,2,15.6,2572,340,7.2,51.9,156,1768,3516,84,236,153,295,142,219,-21.8,37.2,15.9,822,274,63,184.33,799
2422861134,Rubus lasiococcus,45.40381,-121.765968,1376,8.1,18,0.4,17.6,2735,412,6.6,43.7,214,1734,3707,97,244,138,303,165,355,-22.6,35.8,14.7,701,182,71,217.12,814
2422850297,Rubus lasiococcus,45.33094,-121.628738,1383,7.8,17.7,0.2,17.5,2368,362,7.5,48.9,226,1664,3790,83,235,144,297,153,335,-23.2,36,15.5,721,207,69,178.63,764
2422849711,Rubus lasiococcus,46.796626,-121.732566,1811,5.7,15.1,-1.8,16.9,3254,439,4.8,34.4,369,1211,4492,29,196,161,289,127,931,-27,32.9,17,615,141,69,277.51,480
2422817423,Rubus lasiococcus,42.089656,-123.37703,1704,10,19.8,3,16.8,1654,154,12.1,128.3,118,2200,3090,191,269,139,316,177,96,-18.7,37.9,18.3,852,438,67,89.64,1106
2422813103,Rubus lasiococcus,45.092731,-122.257058,1196,9.7,18.2,2.6,15.7,2804,449,7,40.5,115,2035,3148,116,274,128,311,183,136,-19.8,36.9,14.9,779,190,68,212.59,944
2422425317,Rubus lasiococcus,46.94867,-121.71943,1587,6.3,15.8,-1.4,17.2,1987,339,8.2,46.6,324,1342,4283,39,206,157,290,133,458,-26.1,34,12.8,644,188,68,147.28,557
2366118645,Rubus lasiococcus,47.971073,-123.49398,1605,7,15.8,0.1,15.7,2083,216,8.2,73.2,242,1407,4049,41,230,146,299,153,344,-23.6,33.4,15,607,217,72,160.07,574
2350435520,Rubus lasiococcus,46.767869,-121.730984,1486,7.3,16.6,-0.3,17,2946,416,5.9,40,252,1526,3961,56,223,151,294,143,485,-24.5,34.6,15.3,681,175,68,238.68,661
2294442212,Rubus lasiococcus,48.516972,-121.602178,1338,7.9,17.7,0,17.8,3247,514,5.5,34.5,225,1698,3729,78,238,139,295,155,413,-23.6,35.7,14.5,673,117,69,266.67,760
2273316921,Rubus lasiococcus,47.411078,-121.365475,818,8.7,18.6,0.1,18.4,2921,423,6.4,43.8,203,1923,3506,127,252,135,299,164,333,-22.2,37.5,13.3,758,217,68,227.35,932
2269277298,Rubus lasiococcus,47.691369,-123.334184,1097,7.4,15.7,0.8,15,3169,460,5.5,34.2,204,1459,3901,39,242,141,299,158,377,-22.2,33.5,16,619,111,72,269.63,583
1990446588,Rubus lasiococcus,44.494033,-121.826675,1681,7.1,16.6,-0.2,16.8,2329,335,7.3,49.5,264,1493,4032,55,196,164,280,116,425,-26.1,36.4,16.1,797,262,60,164.56,652
1978414135,Rubus lasiococcus,47.802107,-123.604352,1316,7.4,15.8,0.8,15,4365,604,4,26.1,199,1464,3884,41,246,138,301,163,507,-22.1,33.1,13.9,601,65,73,389.92,586
1949622040,Rubus lasiococcus,48.891667,-123.883333,850,8.4,17.7,1.2,16.5,2564,269,7.2,65.7,182,1777,3558,82,273,112,307,195,270,-19.3,35.7,13.2,626,214,76,205.35,806
1949603961,Rubus lasiococcus,48.913889,-123.830556,1097.28,6.8,16.2,-0.3,16.5,2955,295,5.7,54.8,279,1405,4121,41,243,126,299,172,600,-22.4,34,13.5,553,172,76,252.62,582
1949599781,Rubus lasiococcus,48.891667,-123.883333,850,8.4,17.7,1.2,16.5,2564,269,7.2,65.7,182,1777,3558,82,273,112,307,195,270,-19.3,35.7,13.2,626,214,76,205.35,806
1948732844,Rubus lasiococcus,47.375361,-121.489517,1325,8.5,17.6,0.7,17,3160,532,5.9,33.1,184,1804,3542,89,260,132,303,171,304,-21.2,35.7,11.8,700,126,71,256.25,825
1944403833,Rubus lasiococcus,47.507903,-123.276178,964,9.5,18,2.4,15.5,2768,361,7,49.7,122,1989,3191,101,281,122,312,190,143,-18.6,36.2,14.5,714,201,71,215,908
1914195548,Rubus lasiococcus,46.785316,-121.734973,1646,6.4,15.8,-1.1,16.9,3163,434,5.2,36.3,310,1348,4251,39,208,157,291,134,713,-25.9,33.6,16.1,639,153,68,265.17,557
1807275726,Rubus lasiococcus,43.954722,-121.818938,1546,7.9,17.6,0,17.6,1777,278,10.1,63.4,228,1699,3760,85,208,160,282,122,247,-25.3,37.3,15.4,863,336,59,102.91,782
1807275186,Rubus lasiococcus,43.861897,-121.897605,1487,8.1,17.7,0.5,17.2,1373,209,13.2,84.6,207,1736,3680,89,213,158,283,125,167,-24.8,37.8,15.8,869,407,59,61.71,800
1805389913,Rubus lasiococcus,46.787222,-121.746667,1571,6.7,16,-0.9,16.9,3160,433,5.3,36.9,293,1398,4167,43,212,155,292,137,655,-25.5,33.9,16,648,158,68,263.69,586
1805366940,Rubus lasiococcus,46.931775,-121.862847,1514,7,16.2,-0.5,16.7,2144,490,7.9,33.1,264,1464,4041,48,220,151,294,143,328,-24.8,34.4,14.6,666,120,68,160.45,620
1802623934,Rubus lasiococcus,46.946629,-121.199284,1036,8.8,19.3,-0.6,19.9,1084,135,17.3,143,227,1999,3517,163,228,147,287,141,154,-25.1,39.3,14.2,835,500,61,30.39,1008
1671728364,Rubus lasiococcus,46.286613,-122.176906,1445,7.2,16.6,0.2,16.4,2874,439,6,37.8,238,1482,3982,51,241,140,298,158,445,-22,34.4,15.5,628,126,74,239.13,632
1671718231,Rubus lasiococcus,48.650697,-121.791092,1258,8.3,17.5,1.2,16.3,4279,636,4.3,27.5,173,1705,3594,71,251,141,297,156,374,-21.4,35.3,14.4,677,65,69,370.2,741
1668806497,Rubus lasiococcus,47.404755,-121.492255,846,9.4,18.5,1.2,17.3,2993,511,6.5,36.3,153,2044,3255,129,272,126,305,180,214,-20.3,37.1,14.4,757,164,69,233.43,976
1621775813,Rubus lasiococcus,46.776618,-121.721606,1615,6.7,16,-0.8,16.9,3093,428,5.4,37.5,288,1405,4152,44,213,154,292,138,626,-25.4,34,15.7,650,161,68,256.38,591
1572396980,Rubus lasiococcus,43.864583,-121.900537,1493,8.1,17.7,0.5,17.2,1419,217,12.7,81.5,208,1726,3689,87,213,158,283,125,173,-24.7,37.7,15.9,865,397,60,67.06,793
1453266532,Rubus lasiococcus,46.869109,-121.517471,1614,6.4,16,-1.4,17.4,1984,244,8.3,65.7,321,1375,4248,43,204,159,289,130,475,-26.4,34.5,14.9,661,253,67,144.66,581
1323012195,Rubus lasiococcus,44.228828,-121.7697,1806,6.5,16.2,-1,17.2,1987,286,8.3,56.6,316,1391,4229,44,182,169,275,106,459,-27.2,35.7,16.4,783,301,59,131.57,592
1323006797,Rubus lasiococcus,44.211444,-121.842003,1681,7.1,16.6,-0.2,16.8,2542,385,6.7,43,259,1505,4003,55,195,165,280,115,438,-26,36.3,16.1,811,243,59,184.5,653
1323006711,Rubus lasiococcus,44.212639,-121.876031,1457,8.3,17.6,0.9,16.7,2415,369,7.6,47.6,188,1758,3609,86,219,157,287,130,256,-23.8,37.5,15.6,867,271,60,165.19,805
1323006692,Rubus lasiococcus,44.213806,-121.861458,1533,7.9,17.2,0.5,16.7,2466,375,7.2,45.8,212,1663,3750,73,210,160,284,124,315,-24.6,37.1,15.8,853,261,60,172.71,748
1322999895,Rubus lasiococcus,44.184392,-121.843834,1698,7.2,16.6,-0.1,16.7,2572,396,6.7,42,252,1519,3977,57,199,164,282,118,426,-25.6,36.2,15.7,807,236,60,187.85,660
1322997583,Rubus lasiococcus,47.069132,-121.846436,1431,7.5,16.3,0.1,16.2,2235,511,7.8,31.9,224,1535,3879,51,240,142,300,158,279,-23,34,13.6,655,101,71,171.6,648
1322997397,Rubus lasiococcus,48.518052,-121.601995,1400,7.7,17.5,-0.3,17.8,3292,522,5.4,33.6,242,1639,3818,70,233,142,293,151,467,-24.1,35.5,14.5,657,110,69,272.26,726
1322997393,Rubus lasiococcus,48.520895,-121.6064,1336,8,17.8,0,17.8,3231,514,5.6,34.6,225,1700,3728,78,238,140,295,155,411,-23.6,35.8,14,672,117,69,265.07,761
1305141740,Rubus lasiococcus,47.510507,-123.247901,1069,8.9,17.4,1.8,15.6,2792,368,6.8,47.3,146,1835,3401,81,268,130,307,178,192,-19.7,35.6,15.6,694,188,71,220.51,820
1305140550,Rubus lasiococcus,42.89213,-122.131695,1960,6.8,16.7,-0.7,17.4,1583,193,10.6,86.3,296,1484,4110,57,189,171,278,108,353,-27.1,36.6,15.9,813,395,60,89.01,652
1305133723,Rubus lasiococcus,42.891771,-122.131238,1990,6.8,16.6,-0.8,17.4,1601,195,10.5,85.3,302,1474,4130,56,189,171,278,107,366,-27.2,36.5,16,809,392,60,91.25,647
1305129832,Rubus lasiococcus,45.221035,-123.743001,936,9.9,17.7,3.3,14.4,3544,416,5.6,42.7,97,2046,3066,104,305,107,330,223,139,-15.2,35.8,14.4,685,145,75,298.18,924
1305127975,Rubus lasiococcus,48.7282,-120.8977,1535,6.4,16.7,-2.5,19.2,1908,252,8.6,66.4,391,1453,4281,57,201,149,285,136,535,-28.4,35.2,13,636,255,67,136.29,652
1291142539,Rubus lasiococcus,42.909982,-122.135883,2156,6,15.9,-1.5,17.4,1786,219,9,72.5,365,1320,4393,40,180,173,276,103,524,-28.3,35.7,15.1,725,334,61,116.19,555
1291134041,Rubus lasiococcus,47.510826,-123.247841,1069,8.9,17.4,1.8,15.6,2792,368,6.8,47.3,146,1835,3402,81,268,130,307,178,192,-19.7,35.6,15.6,693,187,71,220.55,819
1269586909,Rubus lasiococcus,47.951084,-123.438507,1541,7.3,15.9,0.5,15.4,1830,190,9.5,84.1,215,1464,3930,44,240,141,300,159,253,-22.6,33.5,13,611,244,72,134.02,601
1265533341,Rubus lasiococcus,45.345162,-121.754045,1618,7,17,-0.4,17.4,2567,394,6.6,43.2,277,1498,4065,63,225,146,298,152,501,-23.9,34.7,14.9,644,164,72,206.21,665
1261396045,Rubus lasiococcus,43.95,-121.78333,1560,8.1,17.9,0.1,17.8,1615,251,11.2,71.2,219,1757,3689,94,209,158,279,120,210,-25.6,37.7,15.3,884,377,58,82.79,817
1209656002,Rubus lasiococcus,48.9223,-123.9141,1269,6.5,16,-0.5,16.4,3075,316,5.4,50.5,296,1352,4209,37,238,129,297,169,691,-22.9,33.8,13.1,543,155,76,265.24,552
1122958628,Rubus lasiococcus,45.32265,-121.649537,1522,7.3,17.3,-0.1,17.3,2543,389,6.8,44.3,253,1558,3957,69,228,147,296,150,435,-23.6,35.3,15.7,676,179,70,200.03,698
1065595577,Rubus lasiococcus,46.7779,-121.7611,1340,7.7,17,0,17,2954,420,6,40.6,227,1627,3807,68,231,147,295,148,413,-23.8,35.1,15.2,699,181,68,237.08,725
1052570126,Rubus lasiococcus,46.7779,-121.7611,1340,7.7,17,0,17,2954,420,6,40.6,227,1627,3807,68,231,147,295,148,413,-23.8,35.1,15.2,699,181,68,237.08,725
1024219902,Rubus lasiococcus,46.77418,-121.72062,1591,6.8,16.2,-0.7,16.9,3060,425,5.5,38.1,279,1433,4107,46,215,153,292,139,590,-25.2,34.2,15.6,666,164,68,252.34,607
